{
  "AAPL": {
    "0": -8.487561931014493,
    "1": -8.35330261238873,
    "2": -8.461183690402283,
    "3": -8.484913494625818,
    "4": -8.867199727503163,
    "5": -8.23483568715135
  },
  "ABBV": {
    "0": -8.595918947711484,
    "1": -8.517085871780488,
    "2": -8.55119262242528,
    "3": -8.56897014461546,
    "4": -8.721653135413645,
    "5": -8.127577858658253
  },
  "AEP": {
    "0": -8.817743455938475,
    "1": -8.700930798165247,
    "2": -8.616991533481755,
    "3": -8.67522924606208,
    "4": -8.726237317510371,
    "5": -8.792478940697162
  },
  "AMT": {
    "0": -8.320046632414323,
    "1": -8.367210316613336,
    "2": -8.331793540528565,
    "3": -8.358670710741162,
    "4": -8.458415835623015,
    "5": -8.29373965549002
  },
  "AMZN": {
    "0": -8.16379686085677,
    "1": -8.028384557358946,
    "2": -8.031502955577094,
    "3": -8.119170942398164,
    "4": -8.592048122158578,
    "5": -8.02616338400723
  },
  "AVGO": {
    "0": -7.93008553899123,
    "1": -7.866478000586785,
    "2": -7.867296435013533,
    "3": -7.83526835976806,
    "4": -8.17640942880834,
    "5": -7.534449100422762
  },
  "BAC": {
    "0": -8.246698742232406,
    "1": -8.185982125472997,
    "2": -8.200755232120981,
    "3": -8.150534550082137,
    "4": -8.681478667759686,
    "5": -8.123899139218386
  },
  "BKNG": {
    "0": -8.256352131152047,
    "1": -8.130949339684463,
    "2": -8.1007995364085,
    "3": -8.16074705671928,
    "4": -8.140082644639346,
    "5": -8.51965393677301
  },
  "BRK.B": {
    "0": -9.166035042473776,
    "1": -9.098218913895565,
    "2": -9.153587828681415,
    "3": -9.098944387095848,
    "4": -9.30171875982555,
    "5": -9.091275739069633
  },
  "CAT": {
    "0": -8.197801279955192,
    "1": -8.095167217401066,
    "2": -8.104967165427565,
    "3": -8.164574436814751,
    "4": -8.451416945660707,
    "5": -7.962855182397172
  },
  "CEG": {
    "0": -7.615783291600782,
    "1": -7.558084599158048,
    "2": -7.48742804316408,
    "3": -7.50475976819889,
    "4": -7.5854854983954425,
    "5": -7.525304131860148
  },
  "COP": {
    "0": -7.840316820955545,
    "1": -7.700911392494509,
    "2": -7.735725835546961,
    "3": -7.783370462625902,
    "4": -8.020391530682073,
    "5": -7.422563644982704
  },
  "COST": {
    "0": -8.870018265814409,
    "1": -8.780464506959323,
    "2": -8.70897572843277,
    "3": -8.795715944631715,
    "4": -9.18165996910665,
    "5": -8.666886859356772
  },
  "CVX": {
    "0": -8.310193959835368,
    "1": -8.268166905489727,
    "2": -8.33539075950572,
    "3": -8.2600904691884,
    "4": -8.551873260195407,
    "5": -8.14741855495164
  },
  "DUK": {
    "0": -8.85871853127163,
    "1": -8.812651593441423,
    "2": -8.720775883245802,
    "3": -8.75992042340303,
    "4": -8.877487011535827,
    "5": -8.706310870241165
  },
  "ECL": {
    "0": -8.8053503526435,
    "1": -8.697219144193262,
    "2": -8.754463216626627,
    "3": -8.861223209639064,
    "4": -8.72676435698485,
    "5": -7.927992656095939
  },
  "EOG": {
    "0": -7.557271025265874,
    "1": -7.5841615549860855,
    "2": -7.597707281120329,
    "3": -7.552323567409692,
    "4": -7.750770542724686,
    "5": -7.088146235790274
  },
  "EQIX": {
    "0": -8.404241695685633,
    "1": -8.357665506257073,
    "2": -8.334437758770909,
    "3": -8.35807985557008,
    "4": -8.440744318521594
  },
  "FCX": {
    "0": -7.029569512937662,
    "1": -7.09604099118405,
    "2": -7.091051561849129,
    "3": -7.085978337193774,
    "4": -7.5965989439186465,
    "5": -6.972054434539659
  },
  "GE": {
    "0": -8.039371585787338,
    "1": -7.954720274132552,
    "2": -7.9345640690114365,
    "3": -8.025696372280681,
    "4": -8.367869632687013,
    "5": -7.704151194279554
  },
  "GOOG": {
    "0": -8.210374555918207,
    "1": -8.170304436785381,
    "2": -8.199180578846342,
    "3": -8.327628937985438,
    "4": -8.537777090914496,
    "5": -8.146145807295335
  },
  "GOOGL": {
    "0": -8.20467639478579,
    "1": -8.12167919291912,
    "2": -8.146672245017456,
    "3": -8.249895203080886,
    "4": -8.523919651562668,
    "5": -8.145129956086903
  },
  "HD": {
    "0": -8.508101834371505,
    "1": -8.428814684840582,
    "2": -8.455478406079127,
    "3": -8.574559454065843,
    "4": -8.892668063549817,
    "5": -8.06221326758182
  },
  "JNJ": {
    "0": -8.985953456164497,
    "1": -8.930547316533442,
    "2": -8.957587815117341,
    "3": -9.080692018193613,
    "4": -9.216977239642011,
    "5": -8.760133346483464
  },
  "JPM": {
    "0": -8.485759223967827,
    "1": -8.475461796594805,
    "2": -8.536783865716506,
    "3": -8.441595851507692,
    "4": -8.885157642244614,
    "5": -8.434730284581088
  },
  "KO": {
    "0": -9.10180642967833,
    "1": -9.133807082285081,
    "2": -9.028645863503469,
    "3": -9.094437012437648,
    "4": -9.431276678564336,
    "5": -8.838714465043957
  },
  "LIN": {
    "0": -8.808195500829386,
    "1": -8.80366119719969,
    "2": -8.72305742790463,
    "3": -8.729943306620875,
    "4": -8.746070190715294,
    "5": -7.739512408667747
  },
  "LLY": {
    "0": -8.149478249246814,
    "1": -8.111440634566558,
    "2": -8.123046429061146,
    "3": -8.262076999036445,
    "4": -8.284109798872363,
    "5": -8.040131727432009
  },
  "MA": {
    "0": -8.568201328910307,
    "1": -8.414466334126566,
    "2": -8.418599802498203,
    "3": -8.650072179336961,
    "4": -8.892434665149983,
    "5": -7.822286483853695
  },
  "MCD": {
    "0": -9.120173550881754,
    "1": -9.15862939991114,
    "2": -9.084381849999787,
    "3": -9.010809635168108,
    "4": -9.159946079130112,
    "5": -8.776760980334869
  },
  "META": {
    "0": -7.900179001330289,
    "1": -7.767042790369573,
    "2": -7.737490931626459,
    "3": -7.842700971155357,
    "4": -8.10937191389231,
    "5": -7.873563876227172
  },
  "MRK": {
    "0": -8.57105527207698,
    "1": -8.54857749340789,
    "2": -8.545571173413517,
    "3": -8.577978042314532,
    "4": -8.87704549409544,
    "5": -8.276184975909347
  },
  "MSFT": {
    "0": -8.488540024266502,
    "1": -8.397581418916422,
    "2": -8.382063047505623,
    "3": -8.536239098157571,
    "4": -8.967718903519849,
    "5": -8.400795187112639
  },
  "NEE": {
    "0": -8.183944827194544,
    "1": -8.158238138853214,
    "2": -8.133051851095638,
    "3": -8.193189279469326,
    "4": -8.35060091100491,
    "5": -7.931190695714479
  },
  "NEM": {
    "0": -7.830970250081903,
    "1": -7.74457306032072,
    "2": -7.734294838030398,
    "3": -7.8155894610555,
    "4": -8.085162914732187,
    "5": -7.636402628285217
  },
  "NFLX": {
    "0": -7.908266723414314,
    "1": -7.781449942579035,
    "2": -7.733937756818931,
    "3": -7.926783461705286,
    "4": -8.367487525640383,
    "5": -7.725724929699555
  },
  "NVDA": {
    "0": -7.318339844025778,
    "1": -7.125512013036149,
    "2": -7.222779517018656,
    "3": -7.398301835462627,
    "4": -7.739297810701714,
    "5": -7.0322740291155865
  },
  "ORCL": {
    "0": -8.332340826017075,
    "1": -8.195579856506457,
    "2": -8.24920011396871,
    "3": -8.32709233131185,
    "4": -8.604932488159786,
    "5": -8.170747351835765
  },
  "PEP": {
    "0": -8.952048631367314,
    "1": -8.898046582818395,
    "2": -8.918336638238662,
    "3": -8.945836006813181,
    "4": -9.139179359256463,
    "5": -8.6554523561401
  },
  "PG": {
    "0": -9.13102850464296,
    "1": -9.079456744515186,
    "2": -9.00623676079573,
    "3": -9.04384187772417,
    "4": -9.152007004649167,
    "5": -8.796791952878781
  },
  "PLD": {
    "0": -8.397981787913555,
    "1": -8.259935430883797,
    "2": -8.310139778228203,
    "3": -8.306034539594494,
    "4": -8.378821533167274,
    "5": -8.530328491024168
  },
  "RTX": {
    "0": -8.482458107231754,
    "1": -8.366744238644019,
    "2": -8.395023466982847,
    "3": -8.34813424499827,
    "4": -8.737373725886322,
    "5": -7.9892106497373545
  },
  "SHW": {
    "0": -8.6017641875829,
    "1": -8.583441498738416,
    "2": -8.505330227343851,
    "3": -8.692604865194898,