model,qlike,rmse_log
har,0.19373397192534075,0.5319812482450109
lgbm,0.18827704269092554,0.5285526027605061
pool,0.19059934587179983,0.5302474464873352
dm_pool_vs_har,-1.9234146909802043,0.05442799078796745
dm_pool_vs_lgbm,0.8648568090935892,0.3871173860458341
dm_lgbm_vs_har,-1.65801251870593,0.09731493960537874
