model,qlike,rmse_log
har,0.19271716855893445,0.5317767526017416
lgbm,0.1898955642233666,0.5292049716892695
pool,0.19197272097763932,0.5312524812655991
dm_pool_vs_har,-1.8790555727641833,0.06023690551714789
dm_pool_vs_lgbm,0.7654756280563173,0.4439883737983772
dm_lgbm_vs_har,-0.9977372739111223,0.3184067736770997
