half,method,marginal,cov_stress,cov_stress_upper,cov_calm,width,width_stress
half_A,aci,0.8984139481958054,0.8318181818181818,0.8979472140762463,0.8971960914662466,1.691943749089991,1.8054458370279547
half_A,rc_adaptive,0.8986692151739301,0.8745236001172677,0.929932571093521,0.8999636604206074,1.7038626020632999,2.173932265782975
half_B,aci,0.8986200387043023,0.8294562973158981,0.8996558843771507,0.8968745987784523,1.6875311810905633,1.7974881417282085
half_B,rc_adaptive,0.8986821856644341,0.8755329390730299,0.9323339293082107,0.899846453837241,1.699331020583953,2.2417481215457924
