half,method,marginal,cov_stress,cov_stress_upper,cov_calm,width,width_stress
half_A,aci,0.8991148693626227,0.8384469182731469,0.890985609557426,0.8973222695671675,1.6969715140556814,1.7997745506112617
half_A,rc_adaptive,0.898401309231253,0.8732011946782514,0.9300841705131686,0.8997850173639821,1.7006261711155635,2.1701325214122216
half_B,aci,0.8990208972672804,0.8417334601277,0.8915908164651541,0.8970244909364605,1.6995668612099253,1.7963693364297697
half_B,rc_adaptive,0.8986768820857431,0.8770547479961962,0.9319385952995517,0.8998513512265832,1.699896348664495,2.1270716479239993
