half,method,marginal,cov_stress,cov_stress_upper,cov_calm,width,width_stress
half_A,aci,0.8984139481958054,0.8318181818181818,0.8979472140762463,0.8971960914662466,1.691943749089991,1.8054458370279547
half_A,rc_adaptive,0.898691312057717,0.8751099384344767,0.929932571093521,0.9000195674658268,1.7042196299893573,2.1738928644238236
half_B,aci,0.8986200387043023,0.8294562973158981,0.8996558843771507,0.8968745987784523,1.6875311810905633,1.7974881417282085
half_B,rc_adaptive,0.8986930229533779,0.8755329390730299,0.9323339293082107,0.8998087737973002,1.7004448677159467,2.238294213036681
