alpha,method,marginal,cov_calm,cov_stress,cov_stress_upper
0.05,aci,0.9479406620595512,0.9468958616057354,0.891302804401846,0.9348952786652467
0.05,rc_adaptive,0.9490602321312803,0.9498777391581333,0.9323777762009509,0.962605548854041
0.1,aci,0.8985181511816398,0.897035909948687,0.8305999290024849,0.898828541001065
0.1,rc_adaptive,0.8992119134828171,0.8999662728712092,0.8827786844532747,0.9390477542042148
0.2,aci,0.7993451923897278,0.7977409494043948,0.7297834575789848,0.8452254171104011
0.2,rc_adaptive,0.7997696741244471,0.800119918680145,0.7912438799403959,0.8957638543957993
