period,stress_gap,t,p,n
2010-2017,-0.012858400286645246,-1.8905356806179163,0.05868635324473459,5597
2018-2025,0.0940562040246764,4.340938187571762,1.4187563419865157e-05,8488
