arm,cov_stress,se,n,diff_vs_rc,t,p
rc_exp,0.8817321955481532,0.017977235640404383,14093,-2.6405333013137244e-05,-0.0094759372542088,0.9924394091144098
pooled_k1_exp,0.8724705865961672,0.017997778926214802,14093,0.009235203618972948,0.7833228292354567,0.4334375604546672
pooled_avg_exp,0.8483325884128302,0.022422934586322173,14093,0.03337320180230993,3.7361321179267515,0.00018687251069682276
ps_k4_std,0.798527998721861,0.025394478983247242,13668,0.0829054193542883,5.295178740212831,1.1890005313652807e-07
ps_k4_exp,0.8355977097233612,0.022327832910240767,13668,0.04583570835278828,4.765099172561348,1.8876078455853929e-06
ps_k1_exp,0.8426873938624224,0.02320567234641764,13668,0.03874602421372698,2.8095944123280305,0.004960396774142284
dtaci_exp,0.8543459685134811,0.022626775420527476,14085,0.02738552087021546,2.0672951378858078,0.03870635212933604
