mean_is_diff,hac_se,ci_lo,ci_hi,margin,noninferior
-0.0033120557778968406,0.00941806147448737,-0.021771456267892085,0.015147344712098403,0.046645295645065914,True
