state_bin,coverage,upper_coverage,lower_coverage,n,mean_width
calm,0.896382503324149,0.9511818435205366,0.9452006598036125,218853,1.6721764454917107
normal,0.9034704180132227,0.9531398517204233,0.9503305662927993,94686,1.70740492375917
elevated,0.9130205698870342,0.9530854830551341,0.9599350868319002,47448,1.7563089538233219
stress,0.8416045438409656,0.8814341498047569,0.9601703940362087,14085,1.8008596904512333
