state_bin,coverage,upper_coverage,lower_coverage,n,mean_width
calm,0.8970163748684885,0.950924851852851,0.9460915230156375,222414,1.6781180610773831
normal,0.9042576116737986,0.9535346694168232,0.9507229422569754,97449,1.7063791670905257
elevated,0.9147701918786256,0.954504888239828,0.9602653036387976,49302,1.7505184702477767
stress,0.8400896312894683,0.8855843009438447,0.9545053303456237,14727,1.8000900588407334
