slice,rho,n_bar,n_eff
all days,0.15757824924116437,96.15176223040505,6.011796635950266
stress days,0.8983682433640953,93.95333333333333,1.1117905766205833
