method,marginal,cov_calm,cov_normal,cov_elevated,cov_stress,cov_stress_upper,width,width_stress
aci,0.8985330456706345,0.8963893159549324,0.904592283428681,0.9141679723551759,0.8396549363275366,0.8912090921539093,1.7089312462860233,1.7978230628705902
dtaci,0.8993107384318202,0.8967105716055899,0.9052159416639681,0.9131806572084737,0.85238942900178,0.9040805148569081,1.7079852832685143,1.8658035019432995
sfogd,0.8989093486195954,0.8971752449574336,0.902829249571235,0.9135884612908073,0.8504039435848282,0.9036012597562646,1.7390513160097638,1.8782276115951761
har_qreg,0.8906777216110784,0.8870270084214874,0.9022775519015579,0.9055611598806637,0.8205531973161715,0.8562234698069286,1.6513172255548774,1.7164569541619077
rc_hand,0.8975421145717045,0.8987413662543886,0.8972642991640581,0.8981562962803975,0.8828563603998357,0.937833766945091,1.692124121846946,2.172014811323496
rc_adaptive,0.8989563864882154,0.899934601528259,0.8991232804423176,0.9000450730827843,0.8828563603998357,0.9396823223332877,1.7207718890184347,2.250786266731208
