method,marginal,cov_calm,cov_normal,cov_elevated,cov_stress,cov_stress_upper,width,width_stress
aci,0.8986448156318941,0.8969412746259016,0.9053876478318003,0.9148498030837344,0.829214402618658,0.9005728314238952,1.7030120328442817,1.8030358495319498
dtaci,0.8986225691032795,0.8971767682204759,0.9047449008741358,0.91281628870756,0.8360065466448445,0.905810147299509,1.6992775615655369,1.8700018289480675
sfogd,0.8992269331306427,0.8982667671439337,0.9029737759241273,0.9146953589538984,0.8402618657937807,0.9102291325695581,1.7341552995577378,1.9091047633964118
har_qreg,0.8898759756029736,0.8863777048121434,0.9020453636519454,0.9049653787742284,0.8147299509001636,0.8483633387888707,1.6452428534512633,1.7076122506352673
knn_state,0.8940842772659017,0.8919891807514264,0.8974318688224876,0.9164199850704008,0.8293780687397708,0.90810147299509,1.6670354873511115,1.836716485521066
rc_hand,0.8976474295990063,0.8985762730110883,0.8975747014797464,0.8991994645936833,0.8818330605564648,0.9405073649754501,1.6954492522260414,2.2557359492371267
rc_adaptive,0.8992195176211045,0.900043061685865,0.8993743929612067,0.9014646451646117,0.8811783960720131,0.9398527004909983,1.7258319264416533,2.335968241365394
