,mean_loss,mcs_pvalue,in_mcs
rc_hand,2.3185329978891156,0.6955,True
dtaci,2.327663176194158,0.6955,True
rc_adaptive,2.328952726475399,0.6955,True
har_qreg,2.3309770088296085,0.6955,True
pooled_k1,2.331845500709588,0.6955,True
aci,2.332264782253296,0.6955,True
knn_state,2.3324610022609766,0.6955,True
sfogd,2.3606389201725357,0.0,False
xs_panel,2.3984606353782514,0.0,False
tcp_rm,2.4112825712843327,0.0,False
pogo,2.631970229529778,0.0,False
