,mean_loss,mcs_pvalue,in_mcs
rc_hand,2.3185329978891156,0.42,True
dtaci,2.327663176194158,0.42,True
rc_adaptive,2.328952726475399,0.42,True
har_qreg,2.3309770088296085,0.42,True
aci,2.332264782253296,0.42,True
knn_state,2.3324610022609766,0.42,True
sfogd,2.3606389201725357,0.0,False
