method,marginal,width,cov_calm,cov_normal,cov_elevated,cov_stress,cov_stress_upper,width_stress
aci,0.8985181511816398,1.6897126771008382,0.897035909948687,0.9043998056734892,0.9137792952284606,0.8305999290024849,0.898828541001065,1.8013412820863395
rc_panel_bins,0.8962275247627671,1.6764571493952114,0.8968277761642885,0.8958912573370404,0.8979983953380347,0.8833463421556801,0.9396863691194209,2.2406936526522423
rc_panel_hmm,0.8972861484425648,1.6946707593435735,0.8952351061936125,0.9005582770643011,0.9091465732021452,0.8674519264883276,0.920527921663237,2.137990361837993
