method,marginal,width,cov_calm,cov_normal,cov_elevated,cov_stress,cov_stress_upper,width_stress
aci,0.8989755331369316,1.697851889176342,0.8969873532677843,0.9048938419070488,0.9142225467526672,0.8387994839410606,0.8916276227337543,1.7981489118803617
rc_panel_bins,0.8962092103611891,1.6753108009802695,0.8968549983883594,0.8961545049674546,0.8974760201593237,0.8828002987709649,0.9378013173083453,2.1695261978151814
rc_panel_hmm,0.897266583536486,1.6941534038686015,0.8950039139844361,0.9007579650565262,0.9077385790928304,0.8734976573640253,0.9282270659333197,2.120992666728132
