method,marginal,width,cov_calm,cov_normal,cov_elevated,cov_stress,cov_stress_upper,width_stress
aci,0.8985181511816398,1.6897126771008382,0.897035909948687,0.9043998056734892,0.9137792952284606,0.8305999290024849,0.898828541001065,1.8013412820863395
rc_panel_bins,0.8963041176905044,1.676581130948613,0.8969074096628225,0.89595745619842,0.8980406232844896,0.8835592137940822,0.9398282835450223,2.2450877344286075
rc_panel_hmm,0.8973107675979091,1.6949349560404183,0.8953194240155894,0.9004810450593583,0.9090410033360078,0.8676647981267296,0.9206698360888385,2.140361544836894
