dse,mean,size
1,0.8773297187394103,2951
2,0.8038067349926794,1366
3,0.8993135011441648,874
4-5,0.9207807118254879,1742
6-10,0.8409746713690285,3119
>10,0.906096256684492,4675
