dse,mean,size
1,0.8946119959335819,2951
2,0.7232796486090776,1366
3,0.8764302059496567,874
4-5,0.8846153846153846,1742
6-10,0.8579672972106445,3119
>10,0.9437433155080214,4675
