dse,mean,size
1,0.8746937346867344,2857
2,0.7223903177004538,1322
3,0.8896882494004796,834
4-5,0.8835534213685474,1666
6-10,0.8629767127910901,2963
>10,0.9371621621621622,4440
