dse,mean,size
1,0.863843192159608,2857
2,0.7420574886535553,1322
3,0.8872901678657075,834
4-5,0.8889555822328932,1666
6-10,0.8596017549780628,2963
>10,0.9144144144144144,4440
