dse,mean,size
1,0.8641932096604831,2857
2,0.7428139183055976,1322
3,0.8884892086330936,834
4-5,0.8865546218487395,1666
6-10,0.8592642591967601,2963
>10,0.9144144144144144,4440
