dse,mean,size
1,0.896645205015249,2951
2,0.7225475841874085,1366
3,0.8867276887871853,874
4-5,0.8823191733639495,1742
6-10,0.856364219301058,3119
>10,0.9437433155080214,4675
