dse,mean,size
1,0.8891901050491359,2951
2,0.7371888726207906,1366
3,0.8947368421052632,874
4-5,0.883467278989667,1742
6-10,0.8422571336966976,3119
>10,0.9229946524064171,4675
