dse,mean,size
1,0.888851236868858,2951
2,0.7386530014641288,1366
3,0.8913043478260869,874
4-5,0.8823191733639495,1742
6-10,0.8438602116062841,3119
>10,0.9227807486631016,4675
