alpha,method,rate,rate_calm,rate_stress,kupiec_pass,christoffersen_pass,dq_pass
0.05,normal,0.07529670675155231,0.06726086730621171,0.12732581828059214,0.01,0.72,0.0
0.05,fhs,0.05254941498833229,0.047644688800404324,0.09214993888360723,1.0,0.7,0.57
0.05,aci,0.05080671171134546,0.04663860981611899,0.08868667662637512,1.0,0.74,0.74
0.05,rc_panel,0.05150325096824377,0.05107385942289798,0.05629498845579248,0.75,0.72,0.65
0.01,normal,0.03234706626879911,0.027853745400613094,0.06872198831997826,0.0,0.71,0.0
0.01,fhs,0.012665089289828088,0.011732864774482436,0.030490289284259134,0.83,0.8,0.53
0.01,aci,0.013475459864974374,0.012134351693093952,0.03436099415998913,0.48,0.79,0.38
0.01,rc_panel,0.011908924104323693,0.011369164859975533,0.017112589976911584,0.79,0.88,0.66
