vix_pctl,mean,size
calm,0.7976491255773558,202648.0
normal,0.7976301910915276,87602.0
elevated,0.7982637078677154,44117.0
stress,0.7987992495309568,13325.0
marginal,0.7977664139525787,347692.0
