vix_pctl,mean,size
calm,0.7997315542220994,202648.0
normal,0.8009976941165727,87602.0
elevated,0.8014824217421855,44117.0
stress,0.8021013133208256,13325.0
marginal,0.8003635401447258,347692.0
