vix_pctl,mean,size
calm,0.7667675481022478,208826.0
normal,0.7897179019868734,89437.0
elevated,0.8133141353011316,44449.0
stress,0.7974484052532833,13325.0
marginal,0.7794920190879038,356037.0
