vix_pctl,mean,size
calm,0.7677600305492277,227829.0
normal,0.7899125770118883,99173.0
elevated,0.8139099258781824,49648.0
stress,0.7968909103251646,14731.0
marginal,0.7803240320812712,391381.0
