vix_pctl,mean,size
calm,0.7975841890650386,220961.0
normal,0.7977147562921406,97145.0
elevated,0.7981573179641205,49276.0
stress,0.7989274319462358,14731.0
marginal,0.7977430760010782,382113.0
