vix_pctl,mean,size
calm,0.7677519597601763,227834.0
normal,0.7899125770118883,99173.0
elevated,0.8139099258781824,49648.0
stress,0.7968909103251646,14731.0
marginal,0.7803191733991507,391386.0
