experiment,method,marginal,width,width_stress,cov_stress_upper,cov_calm,cov_normal,cov_elevated,cov_stress,rate,rate_calm,rate_stress
two_sided_0.10,hand_tuned,0.8962275247627671,1.6764571493952114,2.2406936526522423,0.9396863691194209,0.8968277761642885,0.8958912573370404,0.8979983953380347,0.8833463421556801,,,
two_sided_0.10,adaptive,0.8992119134828171,1.7149692000596637,2.3261786515025835,0.9390477542042148,0.8999662728712092,0.8996866587228033,0.8997930830623707,0.8827786844532747,,,
var_0.05,hand_tuned,,,,,,,,,0.05089428655041228,0.050597445818881696,0.05486700007247952
var_0.05,adaptive,,,,,,,,,0.05011677081360853,0.049975941779105436,0.056968906283974774
var_0.01,hand_tuned,,,,,,,,,0.011877915684013014,0.01144770344233044,0.015728056823947234
var_0.01,adaptive,,,,,,,,,0.01072168379496537,0.010199683233424888,0.017322606363702253
