experiment,method,marginal,width,width_stress,cov_stress_upper,cov_calm,cov_normal,cov_elevated,cov_stress,rate,rate_calm,rate_stress
two_sided_0.10,hand_tuned,0.8962224601672083,1.6753091966049733,2.1695261978151814,0.9378013173083453,0.8968778780622583,0.8961545049674546,0.8974760201593237,0.8828002987709649,,,
two_sided_0.10,adaptive,0.8990662291089792,1.7114426478049998,2.248263429882238,0.9394988796088817,0.8999125069073495,0.8996017471736896,0.8991830596650952,0.8828002987709649,,,
var_0.05,hand_tuned,,,,,,,,,0.05149178135847324,0.05107910964054745,0.05630554236483278
var_0.05,adaptive,,,,,,,,,0.05006820729615473,0.04992762069484133,0.056916084390475546
var_0.01,hand_tuned,,,,,,,,,0.0119099393562852,0.011373890810648218,0.017095176717997422
var_0.01,adaptive,,,,,,,,,0.010753791920474345,0.010170702361257332,0.018587612780679736
