experiment,method,marginal,width,width_stress,cov_stress_upper,cov_calm,cov_normal,cov_elevated,cov_stress,rate,rate_calm,rate_stress
two_sided_0.10,hand_tuned,0.8963041176905044,1.676581130948613,2.2450877344286075,0.9398282835450223,0.8969074096628225,0.89595745619842,0.8980406232844896,0.8835592137940822,,,
two_sided_0.10,adaptive,0.8992009716359975,1.715049156066663,2.3252262717134156,0.9390477542042148,0.8999850101649819,0.899587360430734,0.8997930830623707,0.8828496416660754,,,
var_0.05,hand_tuned,,,,,,,,,0.051462360778778124,0.05111369514224423,0.055446836268754074
var_0.05,adaptive,,,,,,,,,0.050154068616481036,0.049985966037811504,0.05733130390664637
var_0.01,hand_tuned,,,,,,,,,0.011935296919201482,0.011497824735860782,0.015800536348481553
var_0.01,adaptive,,,,,,,,,0.010730290980243641,0.010199683233424888,0.017322606363702253
