dse_bin,bins_k4,hmm_filtered,hmm_oracle
1,0.8549458231387627,0.8416637539321915,0.8682278923453338
2,0.7968277945619335,0.7552870090634441,0.7605740181268882
3,0.918562874251497,0.8766467065868263,0.8946107784431138
4-5,0.9106714628297362,0.9058752997601919,0.9052757793764988
6-10,0.8853288364249579,0.887689713322091,0.8768971332209107
>10,0.9076576576576577,0.9157657657657657,0.9108108108108108
