membership,marginal,cov_calm,cov_stress,cov_stress_upper,width,width_stress
bins_k4,0.8992119134828171,0.8999662728712092,0.8827786844532747,0.9390477542042148,1.7149692000596637,2.3261786515025835
hmm_filtered,0.8999231335260922,0.8996898977880625,0.8767473213652168,0.9293266160505216,1.7123557712493362,2.212272227159316
hmm_oracle,0.8998520115217647,0.8990856200638941,0.8789469949620379,0.9387639253530121,1.7121459415929292,2.2614731924117
