stress definition,stock_days,coverage,upper_coverage
causal VIX bin,14093,0.8827786844532747,0.9390477542042148
hindsight HMM,119058,0.897243360378975,0.9485124897108972
both,14093,0.8827786844532747,0.9390477542042148
hindsight only,104965,0.8991854427666365,0.949783261087029
hindsight tail (size-matched),9863,0.87924566561898,0.9518402108891818
