Comparison,DM_MSE,p_MSE,sig_MSE,DM_MAE,p_MAE,sig_MAE,mean_d_MSE
RIVE vs LightGBM,-0.8686959892712415,0.3850134357310857,n.s.,-5.6388943426495315,1.7114550221464242e-08,***,-0.009068603085656504
RIVE vs Elastic Net,-3.684930552058371,0.0002287650086620907,***,22.516014979739897,0.0,***,-0.014399875381537525
LightGBM vs Elastic Net,-0.5439345103885026,0.5864865398348982,n.s.,13.804814999640437,0.0,***,-0.005331272295881013
