{
  "AAPL": {
    "0": -8.486021487904996,
    "1": -8.35330261238873,
    "2": -8.461183690402283,
    "3": -8.484913494625818,
    "4": -8.867199727503163,
    "5": -8.23483568715135
  },
  "BA": {
    "0": -7.730356184764465,
    "1": -7.827177052910218,
    "2": -7.8602329503868305,
    "3": -7.928548476458555,
    "4": -8.281602761310236,
    "5": -7.495874437570428
  },
  "BAC": {
    "0": -8.243498494220068,
    "1": -8.185982125472997,
    "2": -8.200755232120981,
    "3": -8.150534550082137,
    "4": -8.681478667759686,
    "5": -8.123899139218386
  },
  "CAT": {
    "0": -8.203977417355624,
    "1": -8.095167217401066,
    "2": -8.104967165427565,
    "3": -8.164574436814751,
    "4": -8.451416945660707,
    "5": -7.962855182397172
  },
  "COST": {
    "0": -8.868070967827999,
    "1": -8.780464506959323,
    "2": -8.70897572843277,
    "3": -8.795715944631715,
    "4": -9.18165996910665,
    "5": -8.666886859356772
  },
  "CVX": {
    "0": -8.296377126614928,
    "1": -8.268166905489727,
    "2": -8.33539075950572,
    "3": -8.2600904691884,
    "4": -8.551873260195407,
    "5": -8.14741855495164
  },
  "GE": {
    "0": -8.031184350291692,
    "1": -7.954720274132552,
    "2": -7.9345640690114365,
    "3": -8.025696372280681,
    "4": -8.367869632687013,
    "5": -7.704151194279554
  },
  "JNJ": {
    "0": -8.985211413428914,
    "1": -8.930547316533442,
    "2": -8.957587815117341,
    "3": -9.080692018193613,
    "4": -9.216977239642011,
    "5": -8.760133346483464
  },
  "JPM": {
    "0": -8.481075651152555,
    "1": -8.475461796594805,
    "2": -8.536783865716506,
    "3": -8.441595851507692,
    "4": -8.885157642244614,
    "5": -8.434730284581088
  },
  "MCD": {
    "0": -9.119069611971952,
    "1": -9.15862939991114,
    "2": -9.084381849999787,
    "3": -9.010809635168108,
    "4": -9.159946079130112,
    "5": -8.776760980334869
  },
  "MSFT": {
    "0": -8.495877755703045,
    "1": -8.397581418916422,
    "2": -8.382063047505623,
    "3": -8.536239098157571,
    "4": -8.967718903519849,
    "5": -8.400795187112639
  },
  "NVDA": {
    "0": -7.328079023346998,
    "1": -7.125512013036149,
    "2": -7.222779517018656,
    "3": -7.398301835462627,
    "4": -7.739297810701714,
    "5": -7.0322740291155865
  },
  "PFE": {
    "0": -8.231977816208992,
    "1": -8.342524548265258,
    "2": -8.362709752129973,
    "3": -8.44806541051167,
    "4": -8.764458688943103,
    "5": -8.256278109282983
  },
  "SLB": {
    "0": -7.444213642895529,
    "1": -7.414201848579391,
    "2": -7.503522737517544,
    "3": -7.4704869276203345,
    "4": -7.730712988252914,
    "5": -7.176837449062877
  },
  "UNH": {
    "0": -8.682172328864159,
    "1": -8.51926832509729,
    "2": -8.586091274252668,
    "3": -8.580658549218827,
    "4": -8.770621270591278,
    "5": -8.159577719606977
  },
  "V": {
    "0": -8.578325760915808,
    "1": -8.375079891053069,
    "2": -8.548099862906632,
    "3": -8.609392305154682,
    "4": -9.027171369108522,
    "5": -8.133258134523409
  },
  "WMT": {
    "0": -8.893548003551679,
    "1": -8.891859373573157,
    "2": -8.929731147884416,
    "3": -8.92624402761814,
    "4": -9.322533479978464,
    "5": -8.815914800344679
  },
  "XOM": {
    "0": -8.127145133494192,
    "1": -8.205577356143603,
    "2": -8.217631304949876,
    "3": -8.210658140742252,
    "4": -8.486256342096548,
    "5": -8.102934924822101
  }
}